tag,language,times_seen,distinct_sources
#외국인모델,ko,24,5
#외국인남자모델,ko,18,4
#외국인중년모델,ko,12,2
#외국인남자배우,ko,11,3
#외국인배우,ko,10,4
#외국인시니어모델,ko,9,2
#광고모델,ko,9,4
#프리랜서모델,ko,8,4
#모델,ko,6,4
#촬영문의,ko,6,3
#외국인중년배우,ko,5,2
#룩북모델,ko,5,3
#외국모델,ko,5,2
#model,en,5,3
#촬영,ko,4,2
#패션모델,ko,4,3
#외국인,ko,4,2
#광고촬영,ko,3,3
#중년모델,ko,3,2
#외국인여자모델,ko,3,2
#modelinkorea,en,3,3
#뷰티모델,ko,3,2
#freelancemodel,en,3,2
#외국인모델에이전시,ko,3,3
#남자모델,ko,3,2
#룩북촬영,ko,3,2
#배우,ko,3,1
#남자배우,ko,3,1
#시니어모델,ko,2,2
#seniormodel,en,2,2
#외국인방송인,ko,2,2
#foreignmodel,en,2,2
#OOTD,en,2,2
#방송인,ko,2,2
#모델문의,ko,2,1
#모델촬영,ko,2,2
#모델구인,ko,2,2
#모델프로필,ko,2,2
#Seoulmodel,en,2,2
#실버모델,ko,2,1
#외국인실버모델,ko,2,1
#룩북,ko,2,1
#actorinkorea,en,2,1
#외국인룩북,ko,1,1
#가족,ko,1,1
#하천산책,ko,1,1
#서울풍경,ko,1,1
#봄날,ko,1,1
#한옥마을,ko,1,1
#벚꽃,ko,1,1
#프로필사진,ko,1,1
#배우프로필,ko,1,1
#배우프로필사진,ko,1,1
#개인화보,ko,1,1
#피팅모델,ko,1,1
#비다,ko,1,1
#대한외국인,ko,1,1
#대한외국인비다,ko,1,1
#vidatv,en,1,1
#비다tv,mixed,1,1
#쥬얼리모델,ko,1,1
#망원동,ko,1,1
#망원카페추천,ko,1,1
#망원동스튜디오,ko,1,1
#망원데이트,ko,1,1
#서울카페,ko,1,1
#서울가볼만한곳,ko,1,1
#서울핫플레이스,ko,1,1
#카페추천,ko,1,1
#modeling,en,1,1
#모델링,ko,1,1
#fashionmodel,en,1,1
#commercialmodel,en,1,1
#editorialmodel,en,1,1
#에디토리얼모델,ko,1,1
#가을,ko,1,1
#영상촬영,ko,1,1
#photography,en,1,1
#photoshoot,en,1,1
#프리렌서모델,ko,1,1
#러시아모델,ko,1,1
#헤어컷,ko,1,1
#헤어모델,ko,1,1
#freelancemodeling,en,1,1
#유럽모델,ko,1,1
#라이프스타일모델,ko,1,1
#주얼리촬영,ko,1,1
#악세사리촬영,ko,1,1
#메이컵촬영,ko,1,1
#한국,ko,1,1
#서울,ko,1,1
#국제부부,ko,1,1
#메이크업,ko,1,1
#국제가족,ko,1,1
#헤어샵추천,ko,1,1
#아베크청담,ko,1,1
#외국모델사진,ko,1,1
#외국인모델사진,ko,1,1
#외국인모델촬영,ko,1,1
#외국인모델섭외,ko,1,1
#외국인모델서울,ko,1,1
#외국인모델프리랜스,ko,1,1
#프리랜서외국인모델,ko,1,1
#플린,ko,1,1
#플린스튜디오,ko,1,1
#바프,ko,1,1
#바디프로필,ko,1,1
#플로리안,ko,1,1
#독한새끼,ko,1,1
#독일,ko,1,1
#독일남자,ko,1,1
#외국인배우,ko,1,1
#외국인모델,ko,1,1
#운동하는남자,ko,1,1
#훈남,ko,1,1
#피트니스모델,ko,1,1
#스포츠모델,ko,1,1
#데일리스타그램,ko,1,1
#미남,ko,1,1
#독일인,ko,1,1
#배우,ko,1,1
#외국인유튜버,ko,1,1
#방송작가,ko,1,1
#작가,ko,1,1
#피디,ko,1,1
#외국인패션모델,ko,1,1
#감독,ko,1,1
#Dalmatian,en,1,1
#DogWalk,en,1,1
#MonochromeStyle,en,1,1
#FashionInspo,en,1,1
#StreetStyle,en,1,1
#DogLovers,en,1,1
#ModernAesthetic,en,1,1
#StyleInspiration,en,1,1
#PetCompanion,en,1,1
#FashionAndFur,en,1,1
#MinimalistFashion,en,1,1
#UrbanChic,en,1,1
#DogMom,en,1,1
#FashionBlogger,en,1,1
#boyslove,en,1,1
#boysloveboys,en,1,1
#boyfriend,en,1,1
#OutfitOfTheDay,en,1,1
#fyp,en,1,1
#외국인좋아요,ko,1,1
#남친룩,ko,1,1
#얼짱,ko,1,1
#외국인친구,ko,1,1
#프리랜서모델니코,ko,1,1
#프리랜서모델제이컵,ko,1,1
#룩북촬영문의,ko,1,1
#남성패션,ko,1,1
#남자패션,ko,1,1
#모델사진,ko,1,1
#스포츠모델,ko,1,1
#모델지원,ko,1,1
#화보촬영,ko,1,1
#화보모델,ko,1,1
#화보프로필,ko,1,1
#쇼핑몰모델,ko,1,1
#홈쇼핑모델,ko,1,1
#골프모델,ko,1,1
#남성의류,ko,1,1
#서울스튜디오,ko,1,1
#서울모델,ko,1,1
#아나운서,ko,1,1
#연기자지망생,ko,1,1
#모델지망생,ko,1,1
#인스타,ko,1,1
#인스타그램,ko,1,1
#인스타패션,ko,1,1
#actorslife,en,1,1
#insta,en,1,1
#kdrama,en,1,1
#seoul,en,1,1
#silvermodel,en,1,1
#maturemodel,en,1,1
#오징어게임,ko,1,1
#이정재,ko,1,1
#leejungjae,en,1,1
#시니어모델섭외,ko,1,1
#외국인시니어모델섭외,ko,1,1
#백인시니어모델,ko,1,1
#백인중년모델,ko,1,1
#외국인연기자,ko,1,1
#주부모델,ko,1,1
#중년배우,ko,1,1
#중년연기자,ko,1,1
#모델샷,ko,1,1
#외국인여자,ko,1,1
#외구인배우,ko,1,1
#앵커,ko,1,1
#방송배우,ko,1,1
#남자,ko,1,1
#성우,ko,1,1
#프리랜스,ko,1,1
#디엠주세요,ko,1,1
#한국에사는,ko,1,1
#한국말로,ko,1,1
#미국,ko,1,1
#미국배우,ko,1,1
#브랜드촬영,ko,1,1
#외국인촬영,ko,1,1
#운동하는남자,ko,1,1
#피트니스모델,ko,1,1
#compcard,en,1,1
#comcard,en,1,1
#컴카드,ko,1,1
#배,ko,1,1
#광고,ko,1,1
#영화배우,ko,1,1
#koreanmodel,en,1,1
#malemodel,en,1,1
#hkmodel,en,1,1
#actor,en,1,1
#seoulactor,en,1,1
#lookbook,en,1,1
#golf,en,1,1
#섭외문의,ko,1,1
#협찬문의,ko,1,1
#수염모델,ko,1,1
#남자룩북모델,ko,1,1
#shortform,en,1,1
#숏폼,ko,1,1
#외국남자,ko,1,1
#남성모델,ko,1,1
#화장모델,ko,1,1
#모델스타그램,ko,1,1
#백인모델,ko,1,1
#흑인모델,ko,1,1
#웨딩모델,ko,1,1
#모델개스팅,ko,1,1
#촬영모델,ko,1,1
